name,id,type1,type2
bulbasaur,1,grass,poison
ivysaur,2,grass,poison
venusaur,3,grass,poison
venusaur-gmax,3,grass,poison
venusaur-mega,3,grass,poison
charmander,4,fire,
charmeleon,5,fire,
charizard,6,fire,flying
charizard-gmax,6,fire,flying
charizard-mega-x,6,fire,dragon
charizard-mega-y,6,fire,flying
squirtle,7,water,
wartortle,8,water,
blastoise,9,water,
blastoise-gmax,9,water,
blastoise-mega,9,water,
caterpie,10,bug,
metapod,11,bug,
butterfree,12,bug,flying
butterfree-gmax,12,bug,flying
weedle,13,bug,poison
kakuna,14,bug,poison
beedrill,15,bug,poison
beedrill-mega,15,bug,poison
pidgey,16,normal,flying
pidgeotto,17,normal,flying
pidgeot,18,normal,flying
pidgeot-mega,18,normal,flying
rattata,19,normal,
rattata-alola,19,dark,normal
raticate,20,normal,
raticate-alola,20,dark,normal
raticate-totem-alola,20,dark,normal
spearow,21,normal,flying
fearow,22,normal,flying
ekans,23,poison,
arbok,24,poison,
pikachu,25,electric,
pikachu-alola-cap,25,electric,
pikachu-belle,25,electric,
pikachu-cosplay,25,electric,
pikachu-gmax,25,electric,
pikachu-hoenn-cap,25,electric,
pikachu-kalos-cap,25,electric,
pikachu-libre,25,electric,
pikachu-original-cap,25,electric,
pikachu-partner-cap,25,electric,
pikachu-phd,25,electric,
pikachu-pop-star,25,electric,
pikachu-rock-star,25,electric,
pikachu-sinnoh-cap,25,electric,
pikachu-starter,25,electric,
pikachu-unova-cap,25,electric,
pikachu-world-cap,25,electric,
raichu,26,electric,
raichu-alola,26,electric,psychic
sandshrew,27,ground,
sandshrew-alola,27,ice,steel
sandslash,28,ground,
sandslash-alola,28,ice,steel
nidoran-f,29,poison,
nidorina,30,poison,
nidoqueen,31,poison,ground
nidoran-m,32,poison,
nidorino,33,poison,
nidoking,34,poison,ground
clefairy,35,fairy,
clefable,36,fairy,
vulpix,37,fire,
vulpix-alola,37,ice,
ninetales,38,fire,
ninetales-alola,38,ice,fairy
jigglypuff,39,normal,fairy
wigglytuff,40,normal,fairy
zubat,41,poison,flying
golbat,42,poison,flying
oddish,43,grass,poison
gloom,44,grass,poison
vileplume,45,grass,poison
paras,46,bug,grass
parasect,47,bug,grass
venonat,48,bug,poison
venomoth,49,bug,poison
diglett,50,ground,
diglett-alola,50,ground,steel
dugtrio,51,ground,
dugtrio-alola,51,ground,steel
meowth,52,normal,
meowth-alola,52,dark,
meowth-galar,52,steel,
meowth-gmax,52,normal,
persian,53,normal,
persian-alola,53,dark,
psyduck,54,water,
golduck,55,water,
mankey,56,fighting,
primeape,57,fighting,
growlithe,58,fire,
growlithe-hisui,58,fire,rock
arcanine,59,fire,
arcanine-hisui,59,fire,rock
poliwag,60,water,
poliwhirl,61,water,
poliwrath,62,water,fighting
abra,63,psychic,
kadabra,64,psychic,
alakazam,65,psychic,
alakazam-mega,65,psychic,
machop,66,fighting,
machoke,67,fighting,
machamp,68,fighting,
machamp-gmax,68,fighting,
bellsprout,69,grass,poison
weepinbell,70,grass,poison
victreebel,71,grass,poison
tentacool,72,water,poison
tentacruel,73,water,poison
geodude,74,rock,ground
geodude-alola,74,rock,electric
graveler,75,rock,ground
graveler-alola,75,rock,electric
golem,76,rock,ground
golem-alola,76,rock,electric
ponyta,77,fire,
ponyta-galar,77,psychic,
rapidash,78,fire,
rapidash-galar,78,psychic,fairy
slowpoke,79,water,psychic
slowpoke-galar,79,psychic,
slowbro,80,water,psychic
slowbro-galar,80,poison,psychic
slowbro-mega,80,water,psychic
magnemite,81,electric,steel
magneton,82,electric,steel
farfetchd,83,normal,flying
farfetchd-galar,83,fighting,
doduo,84,normal,flying
dodrio,85,normal,flying
seel,86,water,
dewgong,87,water,ice
grimer,88,poison,
grimer-alola,88,poison,dark
muk,89,poison,
muk-alola,89,poison,dark
shellder,90,water,
cloyster,91,water,ice
gastly,92,ghost,poison
haunter,93,ghost,poison
gengar,94,ghost,poison
gengar-gmax,94,ghost,poison
gengar-mega,94,ghost,poison
onix,95,rock,ground
drowzee,96,psychic,
hypno,97,psychic,
krabby,98,water,
kingler,99,water,
kingler-gmax,99,water,
voltorb,100,electric,
voltorb-hisui,100,electric,grass
electrode,101,electric,
electrode-hisui,101,electric,grass
exeggcute,102,grass,psychic
exeggutor,103,grass,psychic
exeggutor-alola,103,grass,dragon
cubone,104,ground,
marowak,105,ground,
marowak-alola,105,fire,ghost
marowak-totem,105,fire,ghost
hitmonlee,106,fighting,
hitmonchan,107,fighting,
lickitung,108,normal,
koffing,109,poison,
weezing,110,poison,
weezing-galar,110,poison,fairy
rhyhorn,111,ground,rock
rhydon,112,ground,rock
chansey,113,normal,
tangela,114,grass,
kangaskhan,115,normal,
kangaskhan-mega,115,normal,
horsea,116,water,
seadra,117,water,
goldeen,118,water,
seaking,119,water,
staryu,120,water,
starmie,121,water,psychic
mr-mime,122,psychic,fairy
mr-mime-galar,122,ice,psychic
scyther,123,bug,flying
jynx,124,ice,psychic
electabuzz,125,electric,
magmar,126,fire,
pinsir,127,bug,
pinsir-mega,127,bug,flying
tauros,128,normal,
tauros-paldea-aqua-breed,128,fighting,water
tauros-paldea-blaze-breed,128,fighting,fire
tauros-paldea-combat-breed,128,fighting,
magikarp,129,water,
gyarados,130,water,flying
gyarados-mega,130,water,dark
lapras,131,water,ice
lapras-gmax,131,water,ice
ditto,132,normal,
eevee,133,normal,
eevee-gmax,133,normal,
eevee-starter,133,normal,
vaporeon,134,water,
jolteon,135,electric,
flareon,136,fire,
porygon,137,normal,
omanyte,138,rock,water
omastar,139,rock,water
kabuto,140,rock,water
kabutops,141,rock,water
aerodactyl,142,rock,flying
aerodactyl-mega,142,rock,flying
snorlax,143,normal,
snorlax-gmax,143,normal,
articuno,144,ice,flying
articuno-galar,144,psychic,flying
zapdos,145,electric,flying
zapdos-galar,145,fighting,flying
moltres,146,fire,flying
moltres-galar,146,dark,flying
dratini,147,dragon,
dragonair,148,dragon,
dragonite,149,dragon,flying
mewtwo,150,psychic,
mewtwo-mega-x,150,psychic,fighting
mewtwo-mega-y,150,psychic,
mew,151,psychic,
chikorita,152,grass,
bayleef,153,grass,
meganium,154,grass,
cyndaquil,155,fire,
quilava,156,fire,
typhlosion,157,fire,
typhlosion-hisui,157,fire,ghost
totodile,158,water,
croconaw,159,water,
feraligatr,160,water,
sentret,161,normal,
furret,162,normal,
hoothoot,163,normal,flying
noctowl,164,normal,flying
ledyba,165,bug,flying
ledian,166,bug,flying
spinarak,167,bug,poison
ariados,168,bug,poison
crobat,169,poison,flying
chinchou,170,water,electric
lanturn,171,water,electric
pichu,172,electric,
cleffa,173,fairy,
igglybuff,174,normal,fairy
togepi,175,fairy,
togetic,176,fairy,flying
natu,177,psychic,flying
xatu,178,psychic,flying
mareep,179,electric,
flaaffy,180,electric,
ampharos,181,electric,
ampharos-mega,181,electric,dragon
bellossom,182,grass,
marill,183,water,fairy
azumarill,184,water,fairy
sudowoodo,185,rock,
politoed,186,water,
hoppip,187,grass,flying
skiploom,188,grass,flying
jumpluff,189,grass,flying
aipom,190,normal,
sunkern,191,grass,
sunflora,192,grass,
yanma,193,bug,flying
wooper,194,water,ground
wooper-paldea,194,poison,ground
quagsire,195,water,ground
espeon,196,psychic,
umbreon,197,dark,
murkrow,198,dark,flying
slowking,199,water,psychic
slowking-galar,199,poison,psychic
misdreavus,200,ghost,
unown,201,psychic,
wobbuffet,202,psychic,
girafarig,203,normal,psychic
pineco,204,bug,
forretress,205,bug,steel
dunsparce,206,normal,
gligar,207,ground,flying
steelix,208,steel,ground
steelix-mega,208,steel,ground
snubbull,209,fairy,
granbull,210,fairy,
qwilfish,211,water,poison
qwilfish-hisui,211,dark,poison
scizor,212,bug,steel
scizor-mega,212,bug,steel
shuckle,213,bug,rock
heracross,214,bug,fighting
heracross-mega,214,bug,fighting
sneasel,215,dark,ice
sneasel-hisui,215,fighting,poison
teddiursa,216,normal,
ursaring,217,normal,
slugma,218,fire,
magcargo,219,fire,rock
swinub,220,ice,ground
piloswine,221,ice,ground
corsola,222,water,rock
corsola-galar,222,ghost,
remoraid,223,water,
octillery,224,water,
delibird,225,ice,flying
mantine,226,water,flying
skarmory,227,steel,flying
houndour,228,dark,fire
houndoom,229,dark,fire
houndoom-mega,229,dark,fire
kingdra,230,water,dragon
phanpy,231,ground,
donphan,232,ground,
porygon2,233,normal,
stantler,234,normal,
smeargle,235,normal,
tyrogue,236,fighting,
hitmontop,237,fighting,
smoochum,238,ice,psychic
elekid,239,electric,
magby,240,fire,
miltank,241,normal,
blissey,242,normal,
raikou,243,electric,
entei,244,fire,
suicune,245,water,
larvitar,246,rock,ground
pupitar,247,rock,ground
tyranitar,248,rock,dark
tyranitar-mega,248,rock,dark
lugia,249,psychic,flying
ho-oh,250,fire,flying
celebi,251,psychic,grass
treecko,252,grass,
grovyle,253,grass,
sceptile,254,grass,
sceptile-mega,254,grass,dragon
torchic,255,fire,
combusken,256,fire,fighting
blaziken,257,fire,fighting
blaziken-mega,257,fire,fighting
mudkip,258,water,
marshtomp,259,water,ground
swampert,260,water,ground
swampert-mega,260,water,ground
poochyena,261,dark,
mightyena,262,dark,
zigzagoon,263,normal,
zigzagoon-galar,263,dark,normal
linoone,264,normal,
linoone-galar,264,dark,normal
wurmple,265,bug,
silcoon,266,bug,
beautifly,267,bug,flying
cascoon,268,bug,
dustox,269,bug,poison
lotad,270,water,grass
lombre,271,water,grass
ludicolo,272,water,grass
seedot,273,grass,
nuzleaf,274,grass,dark
shiftry,275,grass,dark
taillow,276,normal,flying
swellow,277,normal,flying
wingull,278,water,flying
pelipper,279,water,flying
ralts,280,psychic,fairy
kirlia,281,psychic,fairy
gardevoir,282,psychic,fairy
gardevoir-mega,282,psychic,fairy
surskit,283,bug,water
masquerain,284,bug,flying
shroomish,285,grass,
breloom,286,grass,fighting
slakoth,287,normal,
vigoroth,288,normal,
slaking,289,normal,
nincada,290,bug,ground
ninjask,291,bug,flying
shedinja,292,bug,ghost
whismur,293,normal,
loudred,294,normal,
exploud,295,normal,
makuhita,296,fighting,
hariyama,297,fighting,
azurill,298,normal,fairy
nosepass,299,rock,
skitty,300,normal,
delcatty,301,normal,
sableye,302,dark,ghost
sableye-mega,302,dark,ghost
mawile,303,steel,fairy
mawile-mega,303,steel,fairy
aron,304,steel,rock
lairon,305,steel,rock
aggron,306,steel,rock
aggron-mega,306,steel,
meditite,307,fighting,psychic
medicham,308,fighting,psychic
medicham-mega,308,fighting,psychic
electrike,309,electric,
manectric,310,electric,
manectric-mega,310,electric,
plusle,311,electric,
minun,312,electric,
volbeat,313,bug,
illumise,314,bug,
roselia,315,grass,poison
gulpin,316,poison,
swalot,317,poison,
carvanha,318,water,dark
sharpedo,319,water,dark
sharpedo-mega,319,water,dark
wailmer,320,water,
wailord,321,water,
numel,322,fire,ground
camerupt,323,fire,ground
camerupt-mega,323,fire,ground
torkoal,324,fire,
spoink,325,psychic,
grumpig,326,psychic,
spinda,327,normal,
trapinch,328,ground,
vibrava,329,ground,dragon
flygon,330,ground,dragon
cacnea,331,grass,
cacturne,332,grass,dark
swablu,333,normal,flying
altaria,334,dragon,flying
altaria-mega,334,dragon,fairy
zangoose,335,normal,
seviper,336,poison,
lunatone,337,rock,psychic
solrock,338,rock,psychic
barboach,339,water,ground
whiscash,340,water,ground
corphish,341,water,
crawdaunt,342,water,dark
baltoy,343,ground,psychic
claydol,344,ground,psychic
lileep,345,rock,grass
cradily,346,rock,grass
anorith,347,rock,bug
armaldo,348,rock,bug
feebas,349,water,
milotic,350,water,
castform,351,normal,
castform-rainy,351,water,
castform-snowy,351,ice,
castform-sunny,351,fire,
kecleon,352,normal,
shuppet,353,ghost,
banette,354,ghost,
banette-mega,354,ghost,
duskull,355,ghost,
dusclops,356,ghost,
tropius,357,grass,flying
chimecho,358,psychic,
absol,359,dark,
absol-mega,359,dark,
wynaut,360,psychic,
snorunt,361,ice,
glalie,362,ice,
glalie-mega,362,ice,
spheal,363,ice,water
sealeo,364,ice,water
walrein,365,ice,water
clamperl,366,water,
huntail,367,water,
gorebyss,368,water,
relicanth,369,water,rock
luvdisc,370,water,
bagon,371,dragon,
shelgon,372,dragon,
salamence,373,dragon,flying
salamence-mega,373,dragon,flying
beldum,374,steel,psychic
metang,375,steel,psychic
metagross,376,steel,psychic
metagross-mega,376,steel,psychic
regirock,377,rock,
regice,378,ice,
registeel,379,steel,
latias,380,dragon,psychic
latias-mega,380,dragon,psychic
latios,381,dragon,psychic
latios-mega,381,dragon,psychic
kyogre,382,water,
kyogre-primal,382,water,
groudon,383,ground,
groudon-primal,383,ground,fire
rayquaza,384,dragon,flying
rayquaza-mega,384,dragon,flying
jirachi,385,steel,psychic
deoxys-attack,386,psychic,
deoxys-defense,386,psychic,
deoxys-normal,386,psychic,
deoxys-speed,386,psychic,
turtwig,387,grass,
grotle,388,grass,
torterra,389,grass,ground
chimchar,390,fire,
monferno,391,fire,fighting
infernape,392,fire,fighting
piplup,393,water,
prinplup,394,water,
empoleon,395,water,steel
starly,396,normal,flying
staravia,397,normal,flying
staraptor,398,normal,flying
bidoof,399,normal,
bibarel,400,normal,water
kricketot,401,bug,
kricketune,402,bug,
shinx,403,electric,
luxio,404,electric,
luxray,405,electric,
budew,406,grass,poison
roserade,407,grass,poison
cranidos,408,rock,
rampardos,409,rock,
shieldon,410,rock,steel
bastiodon,411,rock,steel
burmy,412,bug,
wormadam-plant,413,bug,grass
wormadam-sandy,413,bug,ground
wormadam-trash,413,bug,steel
mothim,414,bug,flying
combee,415,bug,flying
vespiquen,416,bug,flying
pachirisu,417,electric,
buizel,418,water,
floatzel,419,water,
cherubi,420,grass,
cherrim,421,grass,
shellos,422,water,
gastrodon,423,water,ground
ambipom,424,normal,
drifloon,425,ghost,flying
drifblim,426,ghost,flying
buneary,427,normal,
lopunny,428,normal,
lopunny-mega,428,normal,fighting
mismagius,429,ghost,
honchkrow,430,dark,flying
glameow,431,normal,
purugly,432,normal,
chingling,433,psychic,
stunky,434,poison,dark
skuntank,435,poison,dark
bronzor,436,steel,psychic
bronzong,437,steel,psychic
bonsly,438,rock,
mime-jr,439,psychic,fairy
happiny,440,normal,
chatot,441,normal,flying
spiritomb,442,ghost,dark
gible,443,dragon,ground
gabite,444,dragon,ground
garchomp,445,dragon,ground
garchomp-mega,445,dragon,ground
munchlax,446,normal,
riolu,447,fighting,
lucario,448,fighting,steel
lucario-mega,448,fighting,steel
hippopotas,449,ground,
hippowdon,450,ground,
skorupi,451,poison,bug
drapion,452,poison,dark
croagunk,453,poison,fighting
toxicroak,454,poison,fighting
carnivine,455,grass,
finneon,456,water,
lumineon,457,water,
mantyke,458,water,flying
snover,459,grass,ice
abomasnow,460,grass,ice
abomasnow-mega,460,grass,ice
weavile,461,dark,ice
magnezone,462,electric,steel
lickilicky,463,normal,
rhyperior,464,ground,rock
tangrowth,465,grass,
electivire,466,electric,
magmortar,467,fire,
togekiss,468,fairy,flying
yanmega,469,bug,flying
leafeon,470,grass,
glaceon,471,ice,
gliscor,472,ground,flying
mamoswine,473,ice,ground
porygon-z,474,normal,
gallade,475,psychic,fighting
gallade-mega,475,psychic,fighting
probopass,476,rock,steel
dusknoir,477,ghost,
froslass,478,ice,ghost
rotom,479,electric,ghost
rotom-fan,479,electric,flying
rotom-frost,479,electric,ice
rotom-heat,479,electric,fire
rotom-mow,479,electric,grass
rotom-wash,479,electric,water
uxie,480,psychic,
mesprit,481,psychic,
azelf,482,psychic,
dialga,483,steel,dragon
dialga-origin,483,steel,dragon
palkia,484,water,dragon
palkia-origin,484,water,dragon
heatran,485,fire,steel
regigigas,486,normal,
giratina-altered,487,ghost,dragon
giratina-origin,487,ghost,dragon
cresselia,488,psychic,
phione,489,water,
manaphy,490,water,
darkrai,491,dark,
shaymin-land,492,grass,
shaymin-sky,492,grass,flying
arceus,493,normal,
victini,494,psychic,fire
snivy,495,grass,
servine,496,grass,
serperior,497,grass,
tepig,498,fire,
pignite,499,fire,fighting
emboar,500,fire,fighting
oshawott,501,water,
dewott,502,water,
samurott,503,water,
samurott-hisui,503,water,dark
patrat,504,normal,
watchog,505,normal,
lillipup,506,normal,
herdier,507,normal,
stoutland,508,normal,
purrloin,509,dark,
liepard,510,dark,
pansage,511,grass,
simisage,512,grass,
pansear,513,fire,
simisear,514,fire,
panpour,515,water,
simipour,516,water,
munna,517,psychic,
musharna,518,psychic,
pidove,519,normal,flying
tranquill,520,normal,flying
unfezant,521,normal,flying
blitzle,522,electric,
zebstrika,523,electric,
roggenrola,524,rock,
boldore,525,rock,
gigalith,526,rock,
woobat,527,psychic,flying
swoobat,528,psychic,flying
drilbur,529,ground,
excadrill,530,ground,steel
audino,531,normal,
audino-mega,531,normal,fairy
timburr,532,fighting,
gurdurr,533,fighting,
conkeldurr,534,fighting,
tympole,535,water,
palpitoad,536,water,ground
seismitoad,537,water,ground
throh,538,fighting,
sawk,539,fighting,
sewaddle,540,bug,grass
swadloon,541,bug,grass
leavanny,542,bug,grass
venipede,543,bug,poison
whirlipede,544,bug,poison
scolipede,545,bug,poison
cottonee,546,grass,fairy
whimsicott,547,grass,fairy
petilil,548,grass,
lilligant,549,grass,
lilligant-hisui,549,grass,fighting
basculin-blue-striped,550,water,
basculin-red-striped,550,water,
basculin-white-striped,550,water,
sandile,551,ground,dark
krokorok,552,ground,dark
krookodile,553,ground,dark
darumaka,554,fire,
darumaka-galar,554,ice,
darmanitan-galar-standard,555,ice,
darmanitan-galar-zen,555,ice,fire
darmanitan-standard,555,fire,
darmanitan-zen,555,fire,psychic
maractus,556,grass,
dwebble,557,bug,rock
crustle,558,bug,rock
scraggy,559,dark,fighting
scrafty,560,dark,fighting
sigilyph,561,psychic,flying
yamask,562,ghost,
yamask-galar,562,ground,ghost
cofagrigus,563,ghost,
tirtouga,564,water,rock
carracosta,565,water,rock
archen,566,rock,flying
archeops,567,rock,flying
trubbish,568,poison,
garbodor,569,poison,
garbodor-gmax,569,poison,
zorua,570,dark,
zorua-hisui,570,normal,ghost
zoroark,571,dark,
zoroark-hisui,571,normal,ghost
minccino,572,normal,
cinccino,573,normal,
gothita,574,psychic,
gothorita,575,psychic,
gothitelle,576,psychic,
solosis,577,psychic,
duosion,578,psychic,
reuniclus,579,psychic,
ducklett,580,water,flying
swanna,581,water,flying
vanillite,582,ice,
vanillish,583,ice,
vanilluxe,584,ice,
deerling,585,normal,grass
sawsbuck,586,normal,grass
emolga,587,electric,flying
karrablast,588,bug,
escavalier,589,bug,steel
foongus,590,grass,poison
amoonguss,591,grass,poison
frillish,592,water,ghost
jellicent,593,water,ghost
alomomola,594,water,
joltik,595,bug,electric
galvantula,596,bug,electric
ferroseed,597,grass,steel
ferrothorn,598,grass,steel
klink,599,steel,
klang,600,steel,
klinklang,601,steel,
tynamo,602,electric,
eelektrik,603,electric,
eelektross,604,electric,
elgyem,605,psychic,
beheeyem,606,psychic,
litwick,607,ghost,fire
lampent,608,ghost,fire
chandelure,609,ghost,fire
axew,610,dragon,
fraxure,611,dragon,
haxorus,612,dragon,
cubchoo,613,ice,
beartic,614,ice,
cryogonal,615,ice,
shelmet,616,bug,
accelgor,617,bug,
stunfisk,618,ground,electric
stunfisk-galar,618,ground,steel
mienfoo,619,fighting,
mienshao,620,fighting,
druddigon,621,dragon,
golett,622,ground,ghost
golurk,623,ground,ghost
pawniard,624,dark,steel
bisharp,625,dark,steel
bouffalant,626,normal,
rufflet,627,normal,flying
braviary,628,normal,flying
braviary-hisui,628,psychic,flying
vullaby,629,dark,flying
mandibuzz,630,dark,flying
heatmor,631,fire,
durant,632,bug,steel
deino,633,dark,dragon
zweilous,634,dark,dragon
hydreigon,635,dark,dragon
larvesta,636,bug,fire
volcarona,637,bug,fire
cobalion,638,steel,fighting
terrakion,639,rock,fighting
virizion,640,grass,fighting
tornadus-incarnate,641,flying,
tornadus-therian,641,flying,
thundurus-incarnate,642,electric,flying
thundurus-therian,642,electric,flying
reshiram,643,dragon,fire
zekrom,644,dragon,electric
landorus-incarnate,645,ground,flying
landorus-therian,645,ground,flying
kyurem,646,dragon,ice
kyurem-black,646,dragon,ice
kyurem-white,646,dragon,ice
keldeo-ordinary,647,water,fighting
keldeo-resolute,647,water,fighting
meloetta-aria,648,normal,psychic
meloetta-pirouette,648,normal,fighting
genesect,649,bug,steel
chespin,650,grass,
quilladin,651,grass,
chesnaught,652,grass,fighting
fennekin,653,fire,
braixen,654,fire,
delphox,655,fire,psychic
froakie,656,water,
frogadier,657,water,
greninja,658,water,dark
greninja-ash,658,water,dark
greninja-battle-bond,658,water,dark
bunnelby,659,normal,
diggersby,660,normal,ground
fletchling,661,normal,flying
fletchinder,662,fire,flying
talonflame,663,fire,flying
scatterbug,664,bug,
spewpa,665,bug,
vivillon,666,bug,flying
litleo,667,fire,normal
pyroar,668,fire,normal
flabebe,669,fairy,
floette,670,fairy,
floette-eternal,670,fairy,
florges,671,fairy,
skiddo,672,grass,
gogoat,673,grass,
pancham,674,fighting,
pangoro,675,fighting,dark
furfrou,676,normal,
espurr,677,psychic,
meowstic-female,678,psychic,
meowstic-male,678,psychic,
honedge,679,steel,ghost
doublade,680,steel,ghost
aegislash-blade,681,steel,ghost
aegislash-shield,681,steel,ghost
spritzee,682,fairy,
aromatisse,683,fairy,
swirlix,684,fairy,
slurpuff,685,fairy,
inkay,686,dark,psychic
malamar,687,dark,psychic
binacle,688,rock,water
barbaracle,689,rock,water
skrelp,690,poison,water
dragalge,691,poison,dragon
clauncher,692,water,
clawitzer,693,water,
helioptile,694,electric,normal
heliolisk,695,electric,normal
tyrunt,696,rock,dragon
tyrantrum,697,rock,dragon
amaura,698,rock,ice
aurorus,699,rock,ice
sylveon,700,fairy,
hawlucha,701,fighting,flying
dedenne,702,electric,fairy
carbink,703,rock,fairy
goomy,704,dragon,
sliggoo,705,dragon,
sliggoo-hisui,705,steel,dragon
goodra,706,dragon,
goodra-hisui,706,steel,dragon
klefki,707,steel,fairy
phantump,708,ghost,grass
trevenant,709,ghost,grass
pumpkaboo-average,710,ghost,grass
pumpkaboo-large,710,ghost,grass
pumpkaboo-small,710,ghost,grass
pumpkaboo-super,710,ghost,grass
gourgeist-average,711,ghost,grass
gourgeist-large,711,ghost,grass
gourgeist-small,711,ghost,grass
gourgeist-super,711,ghost,grass
bergmite,712,ice,
avalugg,713,ice,
avalugg-hisui,713,ice,rock
noibat,714,flying,dragon
noivern,715,flying,dragon
xerneas,716,fairy,
yveltal,717,dark,flying
zygarde-10,718,dragon,ground
zygarde-10-power-construct,718,dragon,ground
zygarde-50,718,dragon,ground
zygarde-50-power-construct,718,dragon,ground
zygarde-complete,718,dragon,ground
diancie,719,rock,fairy
diancie-mega,719,rock,fairy
hoopa,720,psychic,ghost
hoopa-unbound,720,psychic,dark
volcanion,721,fire,water
rowlet,722,grass,flying
dartrix,723,grass,flying
decidueye,724,grass,ghost
decidueye-hisui,724,grass,fighting
litten,725,fire,
torracat,726,fire,
incineroar,727,fire,dark
popplio,728,water,
brionne,729,water,
primarina,730,water,fairy
pikipek,731,normal,flying
trumbeak,732,normal,flying
toucannon,733,normal,flying
yungoos,734,normal,
gumshoos,735,normal,
gumshoos-totem,735,normal,
grubbin,736,bug,
charjabug,737,bug,electric
vikavolt,738,bug,electric
vikavolt-totem,738,bug,electric
crabrawler,739,fighting,
crabominable,740,fighting,ice
oricorio-baile,741,fire,flying
oricorio-pau,741,psychic,flying
oricorio-pom-pom,741,electric,flying
oricorio-sensu,741,ghost,flying
cutiefly,742,bug,fairy
ribombee,743,bug,fairy
ribombee-totem,743,bug,fairy
rockruff,744,rock,
rockruff-own-tempo,744,rock,
lycanroc-dusk,745,rock,
lycanroc-midday,745,rock,
lycanroc-midnight,745,rock,
wishiwashi-school,746,water,
wishiwashi-solo,746,water,
mareanie,747,poison,water
toxapex,748,poison,water
mudbray,749,ground,
mudsdale,750,ground,
dewpider,751,water,bug
araquanid,752,water,bug
araquanid-totem,752,water,bug
fomantis,753,grass,
lurantis,754,grass,
lurantis-totem,754,grass,
morelull,755,grass,fairy
shiinotic,756,grass,fairy
salandit,757,poison,fire
salazzle,758,poison,fire
salazzle-totem,758,poison,fire
stufful,759,normal,fighting
bewear,760,normal,fighting
bounsweet,761,grass,
steenee,762,grass,
tsareena,763,grass,
comfey,764,fairy,
oranguru,765,normal,psychic
passimian,766,fighting,
wimpod,767,bug,water
golisopod,768,bug,water
sandygast,769,ghost,ground
palossand,770,ghost,ground
pyukumuku,771,water,
type-null,772,normal,
silvally,773,normal,
minior-blue,774,rock,flying
minior-blue-meteor,774,rock,flying
minior-green,774,rock,flying
minior-green-meteor,774,rock,flying
minior-indigo,774,rock,flying
minior-indigo-meteor,774,rock,flying
minior-orange,774,rock,flying
minior-orange-meteor,774,rock,flying
minior-red,774,rock,flying
minior-red-meteor,774,rock,flying
minior-violet,774,rock,flying
minior-violet-meteor,774,rock,flying
minior-yellow,774,rock,flying
minior-yellow-meteor,774,rock,flying
komala,775,normal,
turtonator,776,fire,dragon
togedemaru,777,electric,steel
togedemaru-totem,777,electric,steel
mimikyu-busted,778,ghost,fairy
mimikyu-disguised,778,ghost,fairy
mimikyu-totem-busted,778,ghost,fairy
mimikyu-totem-disguised,778,ghost,fairy
bruxish,779,water,psychic
drampa,780,normal,dragon
dhelmise,781,ghost,grass
jangmo-o,782,dragon,
hakamo-o,783,dragon,fighting
kommo-o,784,dragon,fighting
kommo-o-totem,784,dragon,fighting
tapu-koko,785,electric,fairy
tapu-lele,786,psychic,fairy
tapu-bulu,787,grass,fairy
tapu-fini,788,water,fairy
cosmog,789,psychic,
cosmoem,790,psychic,
solgaleo,791,psychic,steel
lunala,792,psychic,ghost
nihilego,793,rock,poison
buzzwole,794,bug,fighting
pheromosa,795,bug,fighting
xurkitree,796,electric,
celesteela,797,steel,flying
kartana,798,grass,steel
guzzlord,799,dark,dragon
necrozma,800,psychic,
necrozma-dawn,800,psychic,ghost
necrozma-dusk,800,psychic,steel
necrozma-ultra,800,psychic,dragon
magearna,801,steel,fairy
magearna-original,801,steel,fairy
marshadow,802,fighting,ghost
poipole,803,poison,
naganadel,804,poison,dragon
stakataka,805,rock,steel
blacephalon,806,fire,ghost
zeraora,807,electric,
meltan,808,steel,
melmetal,809,steel,
melmetal-gmax,809,steel,
grookey,810,grass,
thwackey,811,grass,
rillaboom,812,grass,
rillaboom-gmax,812,grass,
scorbunny,813,fire,
raboot,814,fire,
cinderace,815,fire,
cinderace-gmax,815,fire,
sobble,816,water,
drizzile,817,water,
inteleon,818,water,
inteleon-gmax,818,water,
skwovet,819,normal,
greedent,820,normal,
rookidee,821,flying,
corvisquire,822,flying,
corviknight,823,flying,steel
corviknight-gmax,823,flying,steel
blipbug,824,bug,
dottler,825,bug,psychic
orbeetle,826,bug,psychic
orbeetle-gmax,826,bug,psychic
nickit,827,dark,
thievul,828,dark,
gossifleur,829,grass,
eldegoss,830,grass,
wooloo,831,normal,
dubwool,832,normal,
chewtle,833,water,
drednaw,834,water,rock
drednaw-gmax,834,water,rock
yamper,835,electric,
boltund,836,electric,
rolycoly,837,rock,
carkol,838,rock,fire
coalossal,839,rock,fire
coalossal-gmax,839,rock,fire
applin,840,grass,dragon
flapple,841,grass,dragon
flapple-gmax,841,grass,dragon
appletun,842,grass,dragon
appletun-gmax,842,grass,dragon
silicobra,843,ground,
sandaconda,844,ground,
sandaconda-gmax,844,ground,
cramorant,845,flying,water
cramorant-gorging,845,flying,water
cramorant-gulping,845,flying,water
arrokuda,846,water,
barraskewda,847,water,
toxel,848,electric,poison
toxtricity-amped,849,electric,poison
toxtricity-amped-gmax,849,electric,poison
toxtricity-low-key,849,electric,poison
toxtricity-low-key-gmax,849,electric,poison
sizzlipede,850,fire,bug
centiskorch,851,fire,bug
centiskorch-gmax,851,fire,bug
clobbopus,852,fighting,
grapploct,853,fighting,
sinistea,854,ghost,
polteageist,855,ghost,
hatenna,856,psychic,
hattrem,857,psychic,
hatterene,858,psychic,fairy
hatterene-gmax,858,psychic,fairy
impidimp,859,dark,fairy
morgrem,860,dark,fairy
grimmsnarl,861,dark,fairy
grimmsnarl-gmax,861,dark,fairy
obstagoon,862,dark,normal
perrserker,863,steel,
cursola,864,ghost,
sirfetchd,865,fighting,
mr-rime,866,ice,psychic
runerigus,867,ground,ghost
milcery,868,fairy,
alcremie,869,fairy,
alcremie-gmax,869,fairy,
falinks,870,fighting,
pincurchin,871,electric,
snom,872,ice,bug
frosmoth,873,ice,bug
stonjourner,874,rock,
eiscue-ice,875,ice,
eiscue-noice,875,ice,
indeedee-female,876,psychic,normal
indeedee-male,876,psychic,normal
morpeko-full-belly,877,electric,dark
morpeko-hangry,877,electric,dark
cufant,878,steel,
copperajah,879,steel,
copperajah-gmax,879,steel,
dracozolt,880,electric,dragon
arctozolt,881,electric,ice
dracovish,882,water,dragon
arctovish,883,water,ice
duraludon,884,steel,dragon
duraludon-gmax,884,steel,dragon
dreepy,885,dragon,ghost
drakloak,886,dragon,ghost
dragapult,887,dragon,ghost
zacian,888,fairy,
zacian-crowned,888,fairy,steel
zamazenta,889,fighting,
zamazenta-crowned,889,fighting,steel
eternatus,890,poison,dragon
eternatus-eternamax,890,poison,dragon
kubfu,891,fighting,
urshifu-rapid-strike,892,fighting,water
urshifu-rapid-strike-gmax,892,fighting,water
urshifu-single-strike,892,fighting,dark
urshifu-single-strike-gmax,892,fighting,dark
zarude,893,dark,grass
zarude-dada,893,dark,grass
regieleki,894,electric,
regidrago,895,dragon,
glastrier,896,ice,
spectrier,897,ghost,
calyrex,898,psychic,grass
calyrex-ice,898,psychic,ice
calyrex-shadow,898,psychic,ghost
wyrdeer,899,normal,psychic
kleavor,900,bug,rock
ursaluna,901,ground,normal
ursaluna-bloodmoon,901,ground,normal
basculegion-female,902,water,ghost
basculegion-male,902,water,ghost
sneasler,903,fighting,poison
overqwil,904,dark,poison
enamorus-incarnate,905,fairy,flying
enamorus-therian,905,fairy,flying
sprigatito,906,grass,
floragato,907,grass,
meowscarada,908,grass,dark
fuecoco,909,fire,
crocalor,910,fire,
skeledirge,911,fire,ghost
quaxly,912,water,
quaxwell,913,water,
quaquaval,914,water,fighting
lechonk,915,normal,
oinkologne-female,916,normal,
oinkologne-male,916,normal,
tarountula,917,bug,
spidops,918,bug,
nymble,919,bug,
lokix,920,bug,dark
pawmi,921,electric,
pawmo,922,electric,fighting
pawmot,923,electric,fighting
tandemaus,924,normal,
maushold-family-of-four,925,normal,
maushold-family-of-three,925,normal,
fidough,926,fairy,
dachsbun,927,fairy,
smoliv,928,grass,normal
dolliv,929,grass,normal
arboliva,930,grass,normal
squawkabilly-blue-plumage,931,normal,flying
squawkabilly-green-plumage,931,normal,flying
squawkabilly-white-plumage,931,normal,flying
squawkabilly-yellow-plumage,931,normal,flying
nacli,932,rock,
naclstack,933,rock,
garganacl,934,rock,
charcadet,935,fire,
armarouge,936,fire,psychic
ceruledge,937,fire,ghost
tadbulb,938,electric,
bellibolt,939,electric,
wattrel,940,electric,flying
kilowattrel,941,electric,flying
maschiff,942,dark,
mabosstiff,943,dark,
shroodle,944,poison,normal
grafaiai,945,poison,normal
bramblin,946,grass,ghost
brambleghast,947,grass,ghost
toedscool,948,ground,grass
toedscruel,949,ground,grass
klawf,950,rock,
capsakid,951,grass,
scovillain,952,grass,fire
rellor,953,bug,
rabsca,954,bug,psychic
flittle,955,psychic,
espathra,956,psychic,
tinkatink,957,fairy,steel
tinkatuff,958,fairy,steel
tinkaton,959,fairy,steel
wiglett,960,water,
wugtrio,961,water,
bombirdier,962,flying,dark
finizen,963,water,
palafin-hero,964,water,
palafin-zero,964,water,
varoom,965,steel,poison
revavroom,966,steel,poison
cyclizar,967,dragon,normal
orthworm,968,steel,
glimmet,969,rock,poison
glimmora,970,rock,poison
greavard,971,ghost,
houndstone,972,ghost,
flamigo,973,flying,fighting
cetoddle,974,ice,
cetitan,975,ice,
veluza,976,water,psychic
dondozo,977,water,
tatsugiri-curly,978,dragon,water
tatsugiri-droopy,978,dragon,water
tatsugiri-stretchy,978,dragon,water
annihilape,979,fighting,ghost
clodsire,980,poison,ground
farigiraf,981,normal,psychic
dudunsparce-three-segment,982,normal,
dudunsparce-two-segment,982,normal,
kingambit,983,dark,steel
great-tusk,984,ground,fighting
scream-tail,985,fairy,psychic
brute-bonnet,986,grass,dark
flutter-mane,987,ghost,fairy
slither-wing,988,bug,fighting
sandy-shocks,989,electric,ground
iron-treads,990,ground,steel
iron-bundle,991,ice,water
iron-hands,992,fighting,electric
iron-jugulis,993,dark,flying
iron-moth,994,fire,poison
iron-thorns,995,rock,electric
frigibax,996,dragon,ice
arctibax,997,dragon,ice
baxcalibur,998,dragon,ice
gimmighoul,999,ghost,
gimmighoul-roaming,999,ghost,
gholdengo,1000,steel,ghost
wo-chien,1001,dark,grass
chien-pao,1002,dark,ice
ting-lu,1003,dark,ground
chi-yu,1004,dark,fire
roaring-moon,1005,dragon,dark
iron-valiant,1006,fairy,fighting
koraidon,1007,fighting,dragon
koraidon-gliding-build,1007,fighting,dragon
koraidon-limited-build,1007,fighting,dragon
koraidon-sprinting-build,1007,fighting,dragon
koraidon-swimming-build,1007,fighting,dragon
miraidon,1008,electric,dragon
miraidon-aquatic-mode,1008,electric,dragon
miraidon-drive-mode,1008,electric,dragon
miraidon-glide-mode,1008,electric,dragon
miraidon-low-power-mode,1008,electric,dragon
walking-wake,1009,water,dragon
iron-leaves,1010,grass,psychic
dipplin,1011,grass,dragon
poltchageist,1012,grass,ghost
sinistcha,1013,grass,ghost
okidogi,1014,poison,fighting
munkidori,1015,poison,psychic
fezandipiti,1016,poison,fairy
ogerpon,1017,grass,
ogerpon-cornerstone-mask,1017,grass,rock
ogerpon-hearthflame-mask,1017,grass,fire
ogerpon-wellspring-mask,1017,grass,water
archaludon,1018,steel,dragon
hydrapple,1019,grass,dragon
gouging-fire,1020,fire,dragon
raging-bolt,1021,electric,dragon
iron-boulder,1022,rock,psychic
iron-crown,1023,steel,psychic
terapagos,1024,normal,
terapagos-stellar,1024,normal,
terapagos-terastal,1024,normal,
pecharunt,1025,poison,ghost
